{"cameraMode":{"drawMode":0,"name":"Shaded","section":"Shading Mode"},"sceneLighting":true,"audioPlay":false,"sceneViewState":{"m_AlwaysRefresh":false,"showFog":true,"showSkybox":true,"showFlares":true,"showImageEffects":true,"showParticleSystems":true,"showVisualEffectGraphs":true,"m_FxEnabled":true},"in2DMode":false,"pivot":{"x":-4.4912028312683109,"y":11.918059349060059,"z":1.992560863494873},"rotation":{"x":0.19689476490020753,"y":-0.35905754566192629,"z":0.07777247577905655,"w":0.9090011715888977},"size":61.02298355102539,"orthographic":true}