{"cameraMode":{"drawMode":0,"name":"Shaded","section":"Shading Mode"},"sceneLighting":true,"audioPlay":false,"sceneViewState":{"m_AlwaysRefresh":false,"showFog":true,"showSkybox":true,"showFlares":true,"showImageEffects":true,"showParticleSystems":true,"showVisualEffectGraphs":true,"m_FxEnabled":true},"in2DMode":false,"pivot":{"x":3.2736570835113527,"y":-0.2355150282382965,"z":9.432487487792969},"rotation":{"x":-0.21379156410694123,"y":0.44740137457847597,"z":-0.11105715483427048,"w":-0.8612756133079529},"size":18.641101837158204,"orthographic":false}