{"cameraMode":{"drawMode":0,"name":"Shaded","section":"Shading Mode"},"sceneLighting":true,"audioPlay":false,"sceneViewState":{"m_AlwaysRefresh":false,"showFog":true,"showSkybox":true,"showFlares":true,"showImageEffects":true,"showParticleSystems":true,"showVisualEffectGraphs":true,"m_FxEnabled":true},"in2DMode":false,"pivot":{"x":-3.805420398712158,"y":0.5147706270217896,"z":6.486746788024902},"rotation":{"x":0.35958805680274966,"y":0.4315289258956909,"z":-0.19287432730197907,"w":0.8045533895492554},"size":15.841817855834961,"orthographic":true}