{"cameraMode":{"drawMode":0,"name":"Shaded","section":"Shading Mode"},"sceneLighting":true,"audioPlay":false,"sceneViewState":{"m_AlwaysRefresh":false,"showFog":true,"showSkybox":true,"showFlares":true,"showImageEffects":true,"showParticleSystems":true,"showVisualEffectGraphs":true,"m_FxEnabled":true},"in2DMode":false,"pivot":{"x":-2.916001558303833,"y":0.9364321231842041,"z":29.726465225219728},"rotation":{"x":0.29615312814712527,"y":0.23768967390060426,"z":-0.0763377845287323,"w":0.9219549894332886},"size":8.934525489807129,"orthographic":true}