{"cameraMode":{"drawMode":0,"name":"Shaded","section":"Shading Mode"},"sceneLighting":true,"audioPlay":false,"sceneViewState":{"m_AlwaysRefresh":false,"showFog":true,"showSkybox":true,"showFlares":true,"showImageEffects":true,"showParticleSystems":true,"showVisualEffectGraphs":true,"m_FxEnabled":true},"in2DMode":false,"pivot":{"x":-0.9592286944389343,"y":0.2709960639476776,"z":1.16506826877594},"rotation":{"x":0.19344912469387055,"y":0.5722557902336121,"z":-0.14113962650299073,"w":0.7843500375747681},"size":2.8030829429626467,"orthographic":true}