{"cameraMode":{"drawMode":0,"name":"Shaded","section":"Shading Mode"},"sceneLighting":true,"audioPlay":false,"sceneViewState":{"m_AlwaysRefresh":false,"showFog":true,"showSkybox":true,"showFlares":true,"showImageEffects":true,"showParticleSystems":true,"showVisualEffectGraphs":true,"m_FxEnabled":true},"in2DMode":false,"pivot":{"x":16.879241943359376,"y":15.835691452026368,"z":-1.8518385887145997},"rotation":{"x":0.27856069803237917,"y":-0.2959384322166443,"z":0.0906931534409523,"w":0.9091941714286804},"size":20.644563674926759,"orthographic":true}