{"cameraMode":{"drawMode":0,"name":"Shaded","section":"Shading Mode"},"sceneLighting":true,"audioPlay":false,"sceneViewState":{"m_AlwaysRefresh":false,"showFog":true,"showSkybox":true,"showFlares":true,"showImageEffects":true,"showParticleSystems":true,"showVisualEffectGraphs":true,"m_FxEnabled":true},"in2DMode":false,"pivot":{"x":54.72950744628906,"y":40.842750549316409,"z":-31.298593521118165},"rotation":{"x":0.2319779247045517,"y":-0.37041717767715456,"z":0.09610427170991898,"w":0.8943030834197998},"size":19.89604377746582,"orthographic":true}