{"cameraMode":{"drawMode":0,"name":"Shaded","section":"Shading Mode"},"sceneLighting":false,"audioPlay":false,"sceneViewState":{"m_AlwaysRefresh":false,"showFog":true,"showSkybox":false,"showFlares":true,"showImageEffects":true,"showParticleSystems":true,"showVisualEffectGraphs":true,"m_FxEnabled":true},"in2DMode":false,"pivot":{"x":0.029316909611225129,"y":-0.023072192445397378,"z":-0.0018144362838938833},"rotation":{"x":-0.002829626901075244,"y":0.9766138792037964,"z":-0.21460844576358796,"w":-0.012887867167592049},"size":1.1396175622940064,"orthographic":false}