{"cameraMode":{"drawMode":0,"name":"Shaded","section":"Shading Mode"},"sceneLighting":false,"audioPlay":false,"sceneViewState":{"m_AlwaysRefresh":false,"showFog":true,"showSkybox":false,"showFlares":true,"showImageEffects":true,"showParticleSystems":true,"showVisualEffectGraphs":true,"m_FxEnabled":true},"in2DMode":false,"pivot":{"x":0.26418089866638186,"y":0.7671254277229309,"z":0.05020681023597717},"rotation":{"x":0.25461992621421816,"y":-0.34537506103515627,"z":0.09795325994491577,"w":0.8979573845863342},"size":1.4134050607681275,"orthographic":true}