{"cameraMode":{"drawMode":0,"name":"Shaded","section":"Shading Mode"},"sceneLighting":false,"audioPlay":false,"sceneViewState":{"m_AlwaysRefresh":false,"showFog":true,"showSkybox":false,"showFlares":true,"showImageEffects":true,"showParticleSystems":true,"showVisualEffectGraphs":true,"m_FxEnabled":true},"in2DMode":false,"pivot":{"x":0.0007300376892089844,"y":1.6587817668914796,"z":-0.000041484832763671875},"rotation":{"x":0.21486638486385346,"y":-0.218743234872818,"z":0.04946456104516983,"w":0.9505675435066223},"size":6.293105602264404,"orthographic":true}